{
  "train_loss": [
    5.058468597906607,
    4.3305755334871785,
    3.9152236117257013,
    3.2169766790337033,
    2.609793921863591,
    2.23599847075012,
    1.9072565356338467,
    1.670636150158114,
    1.4814723276153758,
    1.3147313629311543,
    1.1539345582326253,
    1.0159512255340815,
    0.9002868893245856
  ],
  "train_acc": [
    2.1412037037037037,
    9.129050925925926,
    14.149305555555555,
    25.50636574074074,
    36.5306712962963,
    43.9380787037037,
    50.130208333333336,
    56.09085648148148,
    60.19965277777778,
    64.64120370370371,
    68.12789351851852,
    71.74479166666667,
    74.82638888888889
  ],
  "val_loss": [
    4.367033579930931,
    3.7163143692547287,
    3.4239220349956456,
    2.432722695330356,
    2.0130131510002522,
    1.6909050402976877,
    1.4749572119033862,
    1.3291173982151987,
    1.16407093888609,
    1.0799571076703736,
    0.9821693342660726,
    0.9688359419960046,
    0.8989654534577153
  ],
  "val_acc": [
    7.6923076923076925,
    16.0392798690671,
    20.29459901800327,
    37.725040916530276,
    45.744680851063826,
    54.173486088379704,
    59.16530278232406,
    63.09328968903437,
    65.95744680851064,
    68.33060556464812,
    71.03109656301146,
    71.76759410801964,
    74.54991816693945
  ]
}