{
  "train_loss": [
    5.041871351224405,
    4.334427786094171,
    3.893543442642247,
    3.651422039778144,
    3.419303384092119,
    3.276699432068401,
    3.1350323254311525,
    3.0330099082655377,
    2.9974212536105402,
    2.9594736383469016,
    2.574704379947097,
    2.1300490949716835,
    1.7743943764103784,
    1.5400004516597148,
    1.3661497072489173,
    1.1892914299473718,
    1.0467856062783136,
    0.9237219235963292,
    0.8248911107096959,
    0.7271828465853576,
    0.674905243985079,
    0.6020540452251831,
    0.5259104710658667,
    0.49841557821707316,
    0.4555386729469454,
    0.41437186188650904,
    0.38343009925274935,
    0.35056722200372153,
    0.3290723162504879,
    0.29497005794352543,
    0.2775831897031619,
    0.25806214137615086,
    0.25108030014800736,
    0.2327788803118488,
    0.2175368541405381,
    0.19337121345516708,
    0.17850006228804383,
    0.19500018208701578,
    0.1693491966041081,
    0.16699272491516443,
    0.151030537388848,
    0.14976951651193235,
    0.14074979601449472,
    0.1111711665243665,
    0.10721423154771198,
    0.09554366795135946,
    0.10448421161358797,
    0.09595483377321486,
    0.08271007241192921,
    0.09146249430988165
  ],
  "train_acc": [
    2.5028935185185186,
    8.37673611111111,
    15.263310185185185,
    19.212962962962962,
    23.39409722222222,
    26.27314814814815,
    29.31134259259259,
    31.669560185185187,
    32.595486111111114,
    32.552083333333336,
    39.36631944444444,
    48.4375,
    55.092592592592595,
    60.63368055555556,
    64.0625,
    68.27256944444444,
    71.0792824074074,
    74.69618055555556,
    77.09780092592592,
    79.03645833333333,
    80.75810185185185,
    82.87037037037037,
    84.85243055555556,
    85.82175925925925,
    86.89236111111111,
    88.03530092592592,
    88.81655092592592,
    90.35011574074075,
    90.26331018518519,
    91.23263888888889,
    92.15856481481481,
    92.44791666666667,
    92.52025462962963,
    92.67939814814815,
    93.63425925925925,
    94.28530092592592,
    94.76273148148148,
    94.34317129629629,
    95.45717592592592,
    95.13888888888889,
    95.47164351851852,
    95.42824074074075,
    95.73206018518519,
    97.03414351851852,
    96.68692129629629,
    97.14988425925925,
    96.83159722222223,
    97.09201388888889,
    97.54050925925925,
    97.41030092592592
  ],
  "val_loss": [
    4.320670230103787,
    3.709297635551365,
    3.4313581875615347,
    3.1822818468908634,
    3.0590130467266574,
    2.9387364297763807,
    2.8695696196267337,
    2.8012833433338544,
    2.785678613790709,
    2.7706821780353055,
    2.048118806899862,
    1.7385355876042292,
    1.5163463535558572,
    1.3265412518123558,
    1.2315382527251486,
    1.1570446613182217,
    1.084212780096332,
    1.0112072633253182,
    1.0080870032895801,
    0.9595601678675013,
    0.9374193934488999,
    0.8990107582555855,
    0.9021751992831254,
    0.8938457955120043,
    0.9056564687511924,
    0.8700822138161979,
    0.8639419366607104,
    0.8448241878843542,
    0.8563452218636358,
    0.8373594838156443,
    0.8216399130961703,
    0.8467209105015582,
    0.8171792331772038,
    0.8506783578672893,
    0.8081524411121874,
    0.8026422151957323,
    0.790848082684456,
    0.8473244087005403,
    0.8093413456957391,
    0.8228844912469679,
    0.8793333492770717,
    0.8460341926097089,
    0.8798509338678588,
    0.8482833585645485,
    0.8335549377770743,
    0.8562182198277082,
    0.7940043429501124,
    0.7543328576119168,
    0.7998837173570392,
    0.7891104703253888
  ],
  "val_acc": [
    8.01963993453355,
    15.13911620294599,
    20.21276595744681,
    25.53191489361702,
    27.332242225859247,
    29.050736497545007,
    31.914893617021278,
    31.914893617021278,
    32.242225859247135,
    33.06055646481178,
    47.95417348608838,
    55.237315875613746,
    58.67430441898527,
    64.40261865793781,
    65.71194762684124,
    68.00327332242226,
    68.49427168576105,
    72.17675941080196,
    71.11292962356792,
    72.0949263502455,
    74.63175122749591,
    75.36824877250409,
    74.79541734860884,
    76.18657937806874,
    75.53191489361703,
    77.33224222585925,
    76.51391162029459,
    78.06873977086742,
    77.33224222585925,
    77.82324058919804,
    78.64157119476269,
    78.96890343698854,
    76.43207855973813,
    77.65957446808511,
    78.80523731587562,
    79.70540098199673,
    79.95090016366612,
    78.1505728314239,
    79.2962356792144,
    79.54173486088379,
    78.1505728314239,
    78.88707037643208,
    78.96890343698854,
    80.44189852700491,
    80.60556464811783,
    80.03273322422258,
    80.60556464811783,
    81.75122749590835,
    81.42389525368249,
    80.9328968903437
  ]
}